{"cameraMode":{"drawMode":0,"name":"Shaded","section":"Shading Mode"},"sceneLighting":false,"audioPlay":false,"sceneViewState":{"showFog":true,"showMaterialUpdate":true,"showSkybox":true,"showFlares":true,"showImageEffects":true,"showParticleSystems":true},"in2DMode":false,"pivot":{"x":-2.5251150131225588,"y":-0.2983897924423218,"z":0.055306434631347659},"rotation":{"x":-0.04668799415230751,"y":-0.06677990406751633,"z":0.003128182142972946,"w":-0.9966698884963989},"size":14.880199432373047,"orthographic":false}