{"cameraMode":{"drawMode":0,"name":"Shaded","section":"Shading Mode"},"sceneLighting":false,"audioPlay":false,"sceneViewState":{"showFog":true,"showMaterialUpdate":true,"showSkybox":false,"showFlares":true,"showImageEffects":true,"showParticleSystems":true},"in2DMode":false,"pivot":{"x":3.081723928451538,"y":1.38094961643219,"z":-0.12081241607666016},"rotation":{"x":0.047671835869550708,"y":0.0035929859150201084,"z":0.00017148790357168764,"w":-0.9988566040992737},"size":9.57972526550293,"orthographic":false}