{"cameraMode":{"drawMode":0,"name":"Shaded","section":"Shading Mode"},"sceneLighting":false,"audioPlay":false,"sceneViewState":{"showFog":true,"showMaterialUpdate":true,"showSkybox":false,"showFlares":true,"showImageEffects":true,"showParticleSystems":true},"in2DMode":false,"pivot":{"x":5.371006011962891,"y":2.5765275955200197,"z":1.815908432006836},"rotation":{"x":0.047671835869550708,"y":0.0035929859150201084,"z":0.00017148790357168764,"w":-0.9988566040992737},"size":9.784889221191407,"orthographic":false}