{"cameraMode":{"drawMode":0,"name":"Shaded","section":"Shading Mode"},"sceneLighting":false,"audioPlay":false,"sceneViewState":{"showFog":true,"showMaterialUpdate":true,"showSkybox":false,"showFlares":true,"showImageEffects":true,"showParticleSystems":true},"in2DMode":false,"pivot":{"x":-0.37820908427238467,"y":0.5743250846862793,"z":-0.08052778244018555},"rotation":{"x":-0.11104964464902878,"y":-0.02325599454343319,"z":0.002599371364340186,"w":-0.9935393333435059},"size":9.57972526550293,"orthographic":false}